Timestamp,How would you describe your current feelings about Artificial Intelligence (AI)?,Which stage best describes your current progress on the AI journey?,Which statement best describes the current momentum of AI adoption within Marketing & Communications?,How would you best describe your familiarity with AI tools and their applications in marketing & communications?,How often do you currently use AI tools in your work? Choose the option that most closely reflects your usage.,"When you use AI at work, which benefits are you experiencing most? (Select your top 3)","Besides the AI tools the company officially endorses with a paid subscription (OpenAI ChatGPT, Microsoft Copilot, Adobe Firefly, etc.), what other AI tools do you most often use to assist with your work (whether a free version or one you pay out of your own pocket for)?",Are you currently paying out of your own pocket for any AI tools you use for work?,What do you think are the biggest barriers to using AI effectively in your role? (Select 1-3 options),How important is AI to the success of your individual or team work over the next 12 months?,How confident are you today in your ability to use AI tools effectively in your role?,"What’s your biggest struggle with AI right now, if at all?",What are you most excited about when it comes to AI?,What is your role?,What is your function?
3/18/2026 8:07:08,Positive,"Transformation – I’m reimagining how I work, with AI as a core enabler, thought partner, and collaborator.","Steady - We're making methodical, linear progress on specific projects.",I am highly knowledgeable and use AI regularly.,Daily,"Saves time / reduces busywork - helps me complete routine tasks faster, Idea generation / creative acceleration - helps me brainstorm and produce more options, Research and synthesis - helps me find, summarize, and connect information","Gemini (Google), NotebookLM, WISPR Flow",Yes,"None, I feel there are no barriers",5,Very Confident,Not being able to connect with business files and other software (blocked by IT),"Far more creative, innovative work ",Director,Strategy & Research
3/18/2026 8:10:27,I have both positive and negative feelings about AI,"Transformation – I’m reimagining how I work, with AI as a core enabler, thought partner, and collaborator.",Accelerating - Adoption is speeding up; we're rapidly expanding to new use cases and workflows.,I am highly knowledgeable and use AI regularly.,Daily,"Improves quality / polish - makes my drafts and deliverables stronger, Research and synthesis - helps me find, summarize, and connect information, Collaboration - helps me work better with colleagues (align faster, share drafts, co-create)",NotebookLM,No,Lack of time / competing priorities,5,Very Confident,Explaining to teammates that they still need to review what AI creates/mix in their own thoughts. Adding the human element is an important component when working with our clients. Some emails/messages seem robotic.,It’s honestly so exciting. It makes everything we come up with that much better and opens my eyes to so much more possibility and new ways of thinking…,Manager,Account Services
3/18/2026 8:34:00,Positive,Integration – I’m embedding AI into my workflows and processes to optimize tasks and projects.,Accelerating - Adoption is speeding up; we're rapidly expanding to new use cases and workflows.,I understand AI tools well and have experimented with them,Daily,"Idea generation / creative acceleration - helps me brainstorm and produce more options, Research and synthesis - helps me find, summarize, and connect information, Enablement / accessibility - helps me do things I couldn't do as easily before (or without specialized expertise)",None. I only use officially endorsed AI tools for work.,Yes,"None, I feel there are no barriers",4,Very Confident,haven't experienced a struggle that I haven't been able to overcome.,feeling empowered and knowing that the quality of my work is sharper.,Manager,Account Services
3/18/2026 8:40:34,I have both positive and negative feelings about AI,"Transformation – I’m reimagining how I work, with AI as a core enabler, thought partner, and collaborator.",Accelerating - Adoption is speeding up; we're rapidly expanding to new use cases and workflows.,I am highly knowledgeable and use AI regularly.,Daily,"Idea generation / creative acceleration - helps me brainstorm and produce more options, Strategic thought partner - helps me think through strategy, pressure-test ideas, and refine recommendations, Communication clarity - helps me turn messy thoughts into clear language and adapt tone for different audiences","Gemini (Google), Grok (xAI), Perplexity AI",No,"Lack of time / competing priorities, Lack of understanding or training, Concerns about accuracy or reliability",4,Extremely Confident,I sometimes come in midstream instead of letting AI help shape things from the starting point.,"Continuing to move fast in high-pressure moments without lowering the bar. And I enjoy that, as good as it is, it still needs my judgment.",Director,Strategic Communications
3/18/2026 8:45:56,I have both positive and negative feelings about AI,Integration – I’m embedding AI into my workflows and processes to optimize tasks and projects.,"Steady - We're making methodical, linear progress on specific projects.",I understand AI tools well and have experimented with them,Daily,"Saves time / reduces busywork - helps me complete routine tasks faster, Idea generation / creative acceleration - helps me brainstorm and produce more options, Enablement / accessibility - helps me do things I couldn't do as easily before (or without specialized expertise)",Claude (Anthropic),No,"Too many tools/not sure which to use, Concerns about accuracy or reliability, Concerns about privacy / PHI / compliance",4,Somewhat confident,still exploring tools and usage,using the technology to improve workflow,designer,Creative Services
3/18/2026 8:46:30,Negative,Understanding – I’m learning the fundamentals of AI and starting to see its relevance to my work.,"Inconsistent / Siloed - We have pockets of adoption by individuals or small teams, but no cohesive department-wide progress.",I know a bit about them but haven’t used them,At least once per week,"Research and synthesis - helps me find, summarize, and connect information, Speed to decision - helps me move faster from questions to decisions, Communication clarity - helps me turn messy thoughts into clear language and adapt tone for different audiences",None. I only use officially endorsed AI tools for work.,No,"Lack of time / competing priorities, Lack of understanding or training, Too many tools/not sure which to use",4,Confident,No e,None,Specialist,Brand Management
3/18/2026 8:54:56,I have both positive and negative feelings about AI,Integration – I’m embedding AI into my workflows and processes to optimize tasks and projects.,"Inconsistent / Siloed - We have pockets of adoption by individuals or small teams, but no cohesive department-wide progress.",I understand AI tools well and have experimented with them,Daily,"Idea generation / creative acceleration - helps me brainstorm and produce more options, Strategic thought partner - helps me think through strategy, pressure-test ideas, and refine recommendations, Communication clarity - helps me turn messy thoughts into clear language and adapt tone for different audiences","NotebookLM, Codex",No,"Lack of time / competing priorities, Limited access to AI tools, Concerns about accuracy or reliability",4,Extremely Confident,Mixed messaging from leadership in regards to exploring AI innovations,"Preparing our digital/online presence to account for the expected changes to the overall online user experience, meaning adjusting our website to excel with agentic and LLM traffic.",Specialist,Web & Technology
3/18/2026 8:56:09,Positive,Integration – I’m embedding AI into my workflows and processes to optimize tasks and projects.,"Steady - We're making methodical, linear progress on specific projects.",I am highly knowledgeable and use AI regularly.,At least once per week,"Saves time / reduces busywork - helps me complete routine tasks faster, Improves quality / polish - makes my drafts and deliverables stronger, Idea generation / creative acceleration - helps me brainstorm and produce more options",None. I only use officially endorsed AI tools for work.,Yes,Concerns about accuracy or reliability,4,Very Confident,none,The next capabilities they are going to have.,Specialist,Brand Management
3/18/2026 8:58:40,Positive,Integration – I’m embedding AI into my workflows and processes to optimize tasks and projects.,Accelerating - Adoption is speeding up; we're rapidly expanding to new use cases and workflows.,I understand AI tools well and have experimented with them,Daily,"Saves time / reduces busywork - helps me complete routine tasks faster, Strategic thought partner - helps me think through strategy, pressure-test ideas, and refine recommendations, Communication clarity - helps me turn messy thoughts into clear language and adapt tone for different audiences",Gemini (Google),No,Lack of time / competing priorities,5,Very Confident,Keep up with advances,Efficiency,Manager,Hospital
3/18/2026 9:07:03,Positive,Integration – I’m embedding AI into my workflows and processes to optimize tasks and projects.,"Steady - We're making methodical, linear progress on specific projects.",I understand AI tools well and have experimented with them,Daily,"Saves time / reduces busywork - helps me complete routine tasks faster, Improves quality / polish - makes my drafts and deliverables stronger, Confidence / reduced anxiety - helps me get unstuck and feel more confident about what I'm producing",None. I only use officially endorsed AI tools for work.,No,"None, I feel there are no barriers",3,Confident,I need to be more patient with trying new tools. ,It's come so far in such a short period - excited for what the future holds!,Manager,Internal Communications
3/18/2026 9:17:19,I have both positive and negative feelings about AI,Integration – I’m embedding AI into my workflows and processes to optimize tasks and projects.,"Steady - We're making methodical, linear progress on specific projects.",I understand AI tools well and have experimented with them,Daily,"Saves time / reduces busywork - helps me complete routine tasks faster, Improves quality / polish - makes my drafts and deliverables stronger, Communication clarity - helps me turn messy thoughts into clear language and adapt tone for different audiences",Perplexity AI,Yes,"Limited access to AI tools, Concerns about accuracy or reliability",4,Very Confident,Inconsistent access. We have software that has missing AI components. It makes it much more difficult to do our jobs. It's like asking us to build a bridge without heavy equipment. We feel it's not a priority for leadership to give us that access we need. We have been requesting it for months.,The day we get complete access to the AI software we need to do our jobs with the accuracy and efficiency leadership is asking us for.,Specialist,Creative Services
3/18/2026 9:18:40,Positive,Integration – I’m embedding AI into my workflows and processes to optimize tasks and projects.,Accelerating - Adoption is speeding up; we're rapidly expanding to new use cases and workflows.,I understand AI tools well and have experimented with them,Daily,"Idea generation / creative acceleration - helps me brainstorm and produce more options, Strategic thought partner - helps me think through strategy, pressure-test ideas, and refine recommendations, More meaningful work - offloads repetitive tasks so I can focus on higher-value work",NotebookLM,No,Lack of time / competing priorities,4,Very Confident,Difficulties finalizing my custom GPT,Continuing to learn and grow my expertise,Manager,Account Services
3/18/2026 9:20:49,Positive,"Experimentation – I’m actively trying out AI tools to improve efficiency, creativity, or decision-making.","Steady - We're making methodical, linear progress on specific projects.",I understand AI tools well and have experimented with them,At least once per week,"Saves time / reduces busywork - helps me complete routine tasks faster, Improves quality / polish - makes my drafts and deliverables stronger, Idea generation / creative acceleration - helps me brainstorm and produce more options",NotebookLM,No,"Too many tools/not sure which to use, Hard to break old habits, Fear of making mistakes with AI",5,Confident,Breaking my old habits and getting into the routine of using it,To keep learning and explore the ways it can help my work and even my personal life,Specialist,Account Services
3/18/2026 9:25:21,I have both positive and negative feelings about AI,Integration – I’m embedding AI into my workflows and processes to optimize tasks and projects.,Accelerating - Adoption is speeding up; we're rapidly expanding to new use cases and workflows.,I am highly knowledgeable and use AI regularly.,Daily,"Improves quality / polish - makes my drafts and deliverables stronger, Communication clarity - helps me turn messy thoughts into clear language and adapt tone for different audiences, More meaningful work - offloads repetitive tasks so I can focus on higher-value work",Claude (Anthropic),No,"None, I feel there are no barriers",4,Very Confident,"Integration with programs such as Outlook, Workfront, etc.",Transforming my workflow,Specialist,Account Services
3/18/2026 9:27:33,Positive,"Transformation – I’m reimagining how I work, with AI as a core enabler, thought partner, and collaborator.",Accelerating - Adoption is speeding up; we're rapidly expanding to new use cases and workflows.,I am highly knowledgeable and use AI regularly.,Daily,"Saves time / reduces busywork - helps me complete routine tasks faster, Improves quality / polish - makes my drafts and deliverables stronger, Idea generation / creative acceleration - helps me brainstorm and produce more options",None. I only use officially endorsed AI tools for work.,No,"None, I feel there are no barriers",5,Very Confident,N/a,Efficiency and new ideas/strategy ,Specialist,Strategic Communications
3/18/2026 9:31:20,Positive,Integration – I’m embedding AI into my workflows and processes to optimize tasks and projects.,Accelerating - Adoption is speeding up; we're rapidly expanding to new use cases and workflows.,I am highly knowledgeable and use AI regularly.,Daily,"Saves time / reduces busywork - helps me complete routine tasks faster, Improves quality / polish - makes my drafts and deliverables stronger, Learning / upskilling - helps me learn faster and build new skills","Gemini (Google), NotebookLM",No,"None, I feel there are no barriers",4,Very Confident,"It's not a struggle, but keeping up with updates among AI tools is challenging. ",The ability to improve the quality of my work.,Specialist,Content Marketing
3/18/2026 9:34:40,Positive,"Transformation – I’m reimagining how I work, with AI as a core enabler, thought partner, and collaborator.",Accelerating - Adoption is speeding up; we're rapidly expanding to new use cases and workflows.,I am highly knowledgeable and use AI regularly.,Daily,"Idea generation / creative acceleration - helps me brainstorm and produce more options, Speed to decision - helps me move faster from questions to decisions, Learning / upskilling - helps me learn faster and build new skills","Gemini (Google), Claude (Anthropic), NotebookLM, Gamma, WISPR Flow",Yes,Concerns about accuracy or reliability,5,Extremely Confident,T&D,The new tools coming out everyday. ,Director,Web & Technology
3/18/2026 9:35:39,Positive,"Transformation – I’m reimagining how I work, with AI as a core enabler, thought partner, and collaborator.",Accelerating - Adoption is speeding up; we're rapidly expanding to new use cases and workflows.,I am highly knowledgeable and use AI regularly.,Daily,"Improves quality / polish - makes my drafts and deliverables stronger, Idea generation / creative acceleration - helps me brainstorm and produce more options, Confidence / reduced anxiety - helps me get unstuck and feel more confident about what I'm producing","Gemini (Google), Claude (Anthropic), Llama (Meta AI), Perplexity AI, NotebookLM, Gamma, Otter.ai, WISPR Flow",Yes,"Limited access to AI tools, Concerns about privacy / PHI / compliance",5,Very Confident,"The unknown of future models and rapidly changing environment, but not really a struggle just an unknown. ","Creating AI employees that can automate some important, but more mundane tasks. ",Director,Account Services
3/18/2026 9:37:52,Positive,"Transformation – I’m reimagining how I work, with AI as a core enabler, thought partner, and collaborator.",Accelerating - Adoption is speeding up; we're rapidly expanding to new use cases and workflows.,I understand AI tools well and have experimented with them,Daily,"Improves quality / polish - makes my drafts and deliverables stronger, Idea generation / creative acceleration - helps me brainstorm and produce more options, More meaningful work - offloads repetitive tasks so I can focus on higher-value work",None. I only use officially endorsed AI tools for work.,No,"Lack of time / competing priorities, Limited access to AI tools",5,Extremely Confident,gaining access to certain tools,increased quality of image generation and ease of prompting,Manager,Creative Services
3/18/2026 9:39:34,Positive,"Experimentation – I’m actively trying out AI tools to improve efficiency, creativity, or decision-making.",Accelerating - Adoption is speeding up; we're rapidly expanding to new use cases and workflows.,I understand AI tools well and have experimented with them,Daily,"Research and synthesis - helps me find, summarize, and connect information, Communication clarity - helps me turn messy thoughts into clear language and adapt tone for different audiences, Enablement / accessibility - helps me do things I couldn't do as easily before (or without specialized expertise)",NotebookLM,No,"Lack of time / competing priorities, Lack of understanding or training, I am afraid AI will replace me",4,Confident,Moving from the Experimentation phase to the integration phase,opportunities for learning,Manager,Paid Media & Precision Marketing
3/18/2026 9:43:34,Positive,"Transformation – I’m reimagining how I work, with AI as a core enabler, thought partner, and collaborator.",Accelerating - Adoption is speeding up; we're rapidly expanding to new use cases and workflows.,I am highly knowledgeable and use AI regularly.,Daily,"Idea generation / creative acceleration - helps me brainstorm and produce more options, Strategic thought partner - helps me think through strategy, pressure-test ideas, and refine recommendations, Enablement / accessibility - helps me do things I couldn't do as easily before (or without specialized expertise)","Gemini (Google), NotebookLM, WISPR Flow",Yes,"None, I feel there are no barriers",5,Very Confident,Finding the time to really dive into and experiment with all the new tools and features that are constantly emerging.,"I’m most excited about how AI is becoming a partner in my role. With new tools and features constantly emerging, it’s helping me streamline workflows, automate tasks, and work more efficiently.",Specialist,Account Services
3/18/2026 9:48:55,Positive,"Experimentation – I’m actively trying out AI tools to improve efficiency, creativity, or decision-making.",Accelerating - Adoption is speeding up; we're rapidly expanding to new use cases and workflows.,I understand AI tools well and have experimented with them,Daily,"Saves time / reduces busywork - helps me complete routine tasks faster, Improves quality / polish - makes my drafts and deliverables stronger, Communication clarity - helps me turn messy thoughts into clear language and adapt tone for different audiences",Gemini (Google),No,"Hard to break old habits, Concerns about privacy / PHI / compliance, Fear of making mistakes with AI",4,Very Confident,Familiarizing myself with different tools/programs,How it'll benefit our department at large ,Manager,Strategic Communications
3/18/2026 9:50:09,I have both positive and negative feelings about AI,Integration – I’m embedding AI into my workflows and processes to optimize tasks and projects.,"Steady - We're making methodical, linear progress on specific projects.",I understand AI tools well and have experimented with them,Daily,"Improves quality / polish - makes my drafts and deliverables stronger, Idea generation / creative acceleration - helps me brainstorm and produce more options, Communication clarity - helps me turn messy thoughts into clear language and adapt tone for different audiences","Gemini (Google), NotebookLM, Otter.ai",No,"Hard to break old habits, I don’t see AI as relevant to my work",4,Confident,figuring out what tasks i can hand off ,helping me polish my work ,Specialist,Account Services
3/18/2026 9:51:27,Positive,Integration – I’m embedding AI into my workflows and processes to optimize tasks and projects.,"Inconsistent / Siloed - We have pockets of adoption by individuals or small teams, but no cohesive department-wide progress.",I am highly knowledgeable and use AI regularly.,Daily,"Idea generation / creative acceleration - helps me brainstorm and produce more options, Strategic thought partner - helps me think through strategy, pressure-test ideas, and refine recommendations, More meaningful work - offloads repetitive tasks so I can focus on higher-value work",Otter.ai,No,"Lack of time / competing priorities, Concerns about accuracy or reliability",5,Very Confident,"One of my biggest challenges is carving out time to really experiment with AI, especially for developing and testing new projects, GPTs or workflows. That availability changes week to week. I also feel like there’s still a gap when it comes to presentation tools. It’s a very repetitive, time-consuming task, and I haven’t found a platform that truly improves the process.","I’m most excited about AI’s ability to streamline project/task development and help bring clarity to complex ideas more efficiently. It’s been especially valuable for refining messaging, generating strong first drafts and adapting content for different audiences without losing tone or intent. Overall, having AI as a tool has allowed me to be 10x more productive and saving time on repetitive or time-consuming tasks. 

I also see a lot of potential in building more customized tools and workflows, like GPTs tailored to specific needs, which could save time and create more consistency across our work.",Manager,Account Services
3/18/2026 9:51:48,I have both positive and negative feelings about AI,Integration – I’m embedding AI into my workflows and processes to optimize tasks and projects.,"Steady - We're making methodical, linear progress on specific projects.",I understand AI tools well and have experimented with them,Daily,"Improves quality / polish - makes my drafts and deliverables stronger, Idea generation / creative acceleration - helps me brainstorm and produce more options, More meaningful work - offloads repetitive tasks so I can focus on higher-value work",None. I only use officially endorsed AI tools for work.,No,"Concerns about accuracy or reliability, Fear of making mistakes with AI, I am afraid AI will replace me",4,Extremely Confident,Ai tool is not 100% accurate ,Additional tool to create faster results,Designer,Creative Services
3/18/2026 10:06:51,Positive,Integration – I’m embedding AI into my workflows and processes to optimize tasks and projects.,"Steady - We're making methodical, linear progress on specific projects.",I understand AI tools well and have experimented with them,Daily,"Saves time / reduces busywork - helps me complete routine tasks faster, Improves quality / polish - makes my drafts and deliverables stronger, Research and synthesis - helps me find, summarize, and connect information","Gemini (Google), Otter.ai, Jasper",No,"None, I feel there are no barriers",4,Confident,deciding which tool/version is most appropriate for the task,enhancing quality of my work and reducing time spent on less important tasks,Specialist,Content Marketing
3/18/2026 10:08:36,I have both positive and negative feelings about AI,"Experimentation – I’m actively trying out AI tools to improve efficiency, creativity, or decision-making.","Steady - We're making methodical, linear progress on specific projects.",I understand AI tools well and have experimented with them,Daily,"Improves quality / polish - makes my drafts and deliverables stronger, Research and synthesis - helps me find, summarize, and connect information, Communication clarity - helps me turn messy thoughts into clear language and adapt tone for different audiences","Gemini (Google), Claude (Anthropic), Grok (xAI)",No,"Lack of time / competing priorities, Concerns about privacy / PHI / compliance",3,Confident,None,New abilities each day,Specialist,Creative Services
3/18/2026 10:13:52,I have both positive and negative feelings about AI,"Transformation – I’m reimagining how I work, with AI as a core enabler, thought partner, and collaborator.","Inconsistent / Siloed - We have pockets of adoption by individuals or small teams, but no cohesive department-wide progress.",I am highly knowledgeable and use AI regularly.,Daily,"Strategic thought partner - helps me think through strategy, pressure-test ideas, and refine recommendations, Communication clarity - helps me turn messy thoughts into clear language and adapt tone for different audiences, More meaningful work - offloads repetitive tasks so I can focus on higher-value work","Gemini (Google), Claude (Anthropic), NotebookLM, WISPR Flow, Grammarly",Yes,"Lack of time / competing priorities, Concerns about accuracy or reliability, Unclear guidelines on what's allowed (policy/guardrails)",5,Extremely Confident,"The biggest challenge right now is scaling it in a way that’s structured and sustainable across teams. There’s a lot of great individual adoption, but not enough consistency yet in workflows, guardrails, or how we’re validating outputs. Without that, it can create rework instead of efficiency.","I’m most excited about how AI can completely change how we work, automating a lot of the repetitive tasks, helping us move faster, and improving the quality of what we’re producing. I’m especially interested in building workflows and tools that make it easier for teams to focus on more strategic, high-value work.",Manager,Web & Technology
3/18/2026 10:17:51,Positive,Integration – I’m embedding AI into my workflows and processes to optimize tasks and projects.,"Steady - We're making methodical, linear progress on specific projects.",I understand AI tools well and have experimented with them,Daily,"Communication clarity - helps me turn messy thoughts into clear language and adapt tone for different audiences, Enablement / accessibility - helps me do things I couldn't do as easily before (or without specialized expertise), More meaningful work - offloads repetitive tasks so I can focus on higher-value work","Gemini (Google), Claude (Anthropic), NotebookLM",Yes,Lack of time / competing priorities,4,Extremely Confident,Not enough time in my day to continue to streamline my processes,"I can barely keep up with the changes now, but excited for the future.",Specialist,Marketing Operations
3/18/2026 10:21:22,Positive,Integration – I’m embedding AI into my workflows and processes to optimize tasks and projects.,Accelerating - Adoption is speeding up; we're rapidly expanding to new use cases and workflows.,I am highly knowledgeable and use AI regularly.,Daily,"Idea generation / creative acceleration - helps me brainstorm and produce more options, Strategic thought partner - helps me think through strategy, pressure-test ideas, and refine recommendations, Collaboration - helps me work better with colleagues (align faster, share drafts, co-create)",Claude (Anthropic),No,Limited access to AI tools,4,Extremely Confident,Time to train,Collaboration/Partnership in decision making,Specialist,Digital Strategy
3/18/2026 10:33:52,I have both positive and negative feelings about AI,Integration – I’m embedding AI into my workflows and processes to optimize tasks and projects.,"Inconsistent / Siloed - We have pockets of adoption by individuals or small teams, but no cohesive department-wide progress.",I understand AI tools well and have experimented with them,Daily,"Research and synthesis - helps me find, summarize, and connect information, Strategic thought partner - helps me think through strategy, pressure-test ideas, and refine recommendations, Collaboration - helps me work better with colleagues (align faster, share drafts, co-create)","Gemini (Google), Perplexity AI, NotebookLM, Gamma, WISPR Flow",Yes,"None, I feel there are no barriers",5,Confident,"Would love to integrate more AI tools but not always familiar with what to use/try.  Dan and team provide regular updates in Slack. Often it feels a bit overwhelming and there is too much information posted, hard to keep up with the constant flow. ","Getting smarter, working more efficiently and more collaboratively. Producing work better than we’ve ever been able to produce. Getting to the next level as a marketer and growing with the team. ",Director,Account Services
3/18/2026 10:34:40,Positive,Integration – I’m embedding AI into my workflows and processes to optimize tasks and projects.,"Steady - We're making methodical, linear progress on specific projects.",I understand AI tools well and have experimented with them,Daily,"Saves time / reduces busywork - helps me complete routine tasks faster, Improves quality / polish - makes my drafts and deliverables stronger, Communication clarity - helps me turn messy thoughts into clear language and adapt tone for different audiences",Claude (Anthropic),No,Too many tools/not sure which to use,4,Confident,Finding the best tool for my type of day to day work.,Offloading monthly repetitive reporting and making work more efficient.,Specialist,Social Media & Reputation Management
3/18/2026 10:34:44,Positive,"Experimentation – I’m actively trying out AI tools to improve efficiency, creativity, or decision-making.","Inconsistent / Siloed - We have pockets of adoption by individuals or small teams, but no cohesive department-wide progress.",I understand AI tools well and have experimented with them,Daily,"Improves quality / polish - makes my drafts and deliverables stronger, Communication clarity - helps me turn messy thoughts into clear language and adapt tone for different audiences",None. I only use officially endorsed AI tools for work.,No,"Lack of time / competing priorities, Lack of understanding or training, Too many tools/not sure which to use",3,Somewhat confident,Time,Continuing to utilize ,Manager,n/a
3/18/2026 10:39:24,Positive,Integration – I’m embedding AI into my workflows and processes to optimize tasks and projects.,"Steady - We're making methodical, linear progress on specific projects.",I am highly knowledgeable and use AI regularly.,Daily,"Saves time / reduces busywork - helps me complete routine tasks faster, Strategic thought partner - helps me think through strategy, pressure-test ideas, and refine recommendations, More meaningful work - offloads repetitive tasks so I can focus on higher-value work","Claude (Anthropic), NotebookLM",Yes,"None, I feel there are no barriers",3,Very Confident,none,General possibilities and evolution,AVP,comms
3/18/2026 10:42:09,Positive,"Transformation – I’m reimagining how I work, with AI as a core enabler, thought partner, and collaborator.",Accelerating - Adoption is speeding up; we're rapidly expanding to new use cases and workflows.,I understand AI tools well and have experimented with them,Daily,"Improves quality / polish - makes my drafts and deliverables stronger, Idea generation / creative acceleration - helps me brainstorm and produce more options, Communication clarity - helps me turn messy thoughts into clear language and adapt tone for different audiences","Gamma, Otter.ai, WISPR Flow, Nano Banana, and anything else that makes my PPTs shine.",Yes,"None, I feel there are no barriers",5,Extremely Confident,"It's getting hard to keep up with the automation part of it for me, perhaps because I am still not seeing how it can help our workflow and we are getting slammed with more work now that things are moving ""faster"" with AI. ","I love that it has helped me elevate my work, my thought process, and has given me a deeper understanding of how to be better at my work. It has also helped me understand our healthcare landscape better, which makes me better at my job. I also understand how to relate better to my colleagues, and increase my emotional intelligence. Basically, whatever you need, or don't know about, you can just ask. ",Director,Account Services
3/18/2026 10:51:23,Positive,Integration – I’m embedding AI into my workflows and processes to optimize tasks and projects.,"Steady - We're making methodical, linear progress on specific projects.",I understand AI tools well and have experimented with them,Daily,"Saves time / reduces busywork - helps me complete routine tasks faster, Improves quality / polish - makes my drafts and deliverables stronger, Confidence / reduced anxiety - helps me get unstuck and feel more confident about what I'm producing",Claude (Anthropic),No,"Lack of time / competing priorities, Lack of understanding or training, Hard to break old habits",5,Confident,Learning all the ways that it can actually help in my daily workflow. I basically use it just for writing right now.,"How it has improved my creative writing. In a fast-paced job, it is sometimes hard to stop and write creatively so it has helped me tremendously without having to reach out to colleagues to help review/edit my writing.",Specialist,Hospital Marketing
3/18/2026 10:55:27,I have both positive and negative feelings about AI,Integration – I’m embedding AI into my workflows and processes to optimize tasks and projects.,Accelerating - Adoption is speeding up; we're rapidly expanding to new use cases and workflows.,I am highly knowledgeable and use AI regularly.,Daily,"Saves time / reduces busywork - helps me complete routine tasks faster, Improves quality / polish - makes my drafts and deliverables stronger, Idea generation / creative acceleration - helps me brainstorm and produce more options",None. I only use officially endorsed AI tools for work.,No,"Lack of time / competing priorities, Too many tools/not sure which to use, Concerns about accuracy or reliability",3,Very Confident,"One of the biggest challenges I’m feeling right now is the shift in how our department approaches AI. It’s starting to feel more like a “sport mode” environment, where there’s a lot of emphasis on calling out AI use in meetings or creating custom GPTs. At times, it comes across as more performative than practical.

With that said, evaluating our performance in AI feels very subjective, and I don’t think we fully hit the mark by adding it to evaluations on a 1–5 scale. I use AI every day and it genuinely helps me work more efficiently and effectively in my role, but it often feels like that’s not enough. I don’t have as many complex or highly visible use cases as others, and there’s a sense that those with more intricate applications are seen as “better” at AI. That can be frustrating, because it doesn’t always reflect the real impact of how AI is being used.

Because I’m not a “teacher” of AI or one of those leading these efforts, I’m evaluated as a “satisfactory” user, which doesn’t fully reflect the value I bring. Do we all need to be teachers or visionaries in AI to be considered strong performers, especially in roles where AI is just one part of the work?

I really appreciated the pace we followed in the past. It felt intentional, steady and effective, while already miles ahead of the rest of the organization. We were making real progress without it feeling forced. 

I do see the value of AI and have embraced it in my day-to-day work. At the same time, there’s only so much my role requires me to rely on it. I’d really like to see an approach that recognizes effective AI use can look different depending on the role, rather than expecting the same level or type of use from everyone.",Efficiency ,Manager,Internal Communications
3/18/2026 11:30:56,I have both positive and negative feelings about AI,Integration – I’m embedding AI into my workflows and processes to optimize tasks and projects.,"Steady - We're making methodical, linear progress on specific projects.",I understand AI tools well and have experimented with them,Daily,"Saves time / reduces busywork - helps me complete routine tasks faster, Improves quality / polish - makes my drafts and deliverables stronger, More meaningful work - offloads repetitive tasks so I can focus on higher-value work",None. I only use officially endorsed AI tools for work.,No,"None, I feel there are no barriers",3,Confident,Concerning of how much is too much. ,Hopeful it can find ways to treat and cure diseases ,Manager,External Communications 
3/18/2026 11:31:54,Positive,Integration – I’m embedding AI into my workflows and processes to optimize tasks and projects.,Accelerating - Adoption is speeding up; we're rapidly expanding to new use cases and workflows.,I understand AI tools well and have experimented with them,Daily,"Saves time / reduces busywork - helps me complete routine tasks faster, Improves quality / polish - makes my drafts and deliverables stronger, Speed to decision - helps me move faster from questions to decisions","Claude (Anthropic), Grok (xAI), Perplexity AI, OpusClip, Sprout Social, AnswerThePublic",Yes,"None, I feel there are no barriers",4,Extremely Confident,Personal cost for different platforms ,How quickly they move our work ,Specialist,Social Media & Reputation Management
3/18/2026 11:33:47,Positive,"Experimentation – I’m actively trying out AI tools to improve efficiency, creativity, or decision-making.","Inconsistent / Siloed - We have pockets of adoption by individuals or small teams, but no cohesive department-wide progress.",I know a bit about them but haven’t used them,Daily,"Saves time / reduces busywork - helps me complete routine tasks faster, Idea generation / creative acceleration - helps me brainstorm and produce more options, Speed to decision - helps me move faster from questions to decisions",Gemini (Google),No,"Lack of time / competing priorities, Too many tools/not sure which to use",5,Somewhat confident,Lack of time to do play with it and create the tools we need,"All the time I’m saving, feel more confident with all the research we do and faster way to know best practices ",Manager,Signage wayfinding
3/18/2026 11:42:01,Positive,Integration – I’m embedding AI into my workflows and processes to optimize tasks and projects.,"Steady - We're making methodical, linear progress on specific projects.",I understand AI tools well and have experimented with them,Daily,"Improves quality / polish - makes my drafts and deliverables stronger, Speed to decision - helps me move faster from questions to decisions, Collaboration - helps me work better with colleagues (align faster, share drafts, co-create)",Gemini (Google),No,"Lack of time / competing priorities, Too many tools/not sure which to use, Hard to break old habits",5,Very Confident,My team of consultants not having access to AI,Learning new opportunities to improve daily job performance form my team and myself,Manager,Event Marketing
3/18/2026 11:44:36,Positive,Integration – I’m embedding AI into my workflows and processes to optimize tasks and projects.,"Inconsistent / Siloed - We have pockets of adoption by individuals or small teams, but no cohesive department-wide progress.",I understand AI tools well and have experimented with them,Daily,"Saves time / reduces busywork - helps me complete routine tasks faster, Communication clarity - helps me turn messy thoughts into clear language and adapt tone for different audiences, Enablement / accessibility - helps me do things I couldn't do as easily before (or without specialized expertise)",None. I only use officially endorsed AI tools for work.,No,"Concerns about privacy / PHI / compliance, unable to use AI to its full potential because of T&D blocks",5,Extremely Confident,unable to use AI to its full potential because of T&D blocks with our data,simplifying tedious tasks,Specialist,Web & Technology
3/18/2026 11:48:50,Positive,Understanding – I’m learning the fundamentals of AI and starting to see its relevance to my work.,"Steady - We're making methodical, linear progress on specific projects.",I understand AI tools well and have experimented with them,Daily,"Saves time / reduces busywork - helps me complete routine tasks faster, Improves quality / polish - makes my drafts and deliverables stronger, Communication clarity - helps me turn messy thoughts into clear language and adapt tone for different audiences",None. I only use officially endorsed AI tools for work.,No,"Lack of understanding or training, Too many tools/not sure which to use, Concerns about privacy / PHI / compliance",5,Confident,Spending time to learn how to better use it. ,It's ability to reduce how much time we spend doing day to day work. ,Manager,Strategic Communications
3/18/2026 11:51:24,I have both positive and negative feelings about AI,Integration – I’m embedding AI into my workflows and processes to optimize tasks and projects.,"Inconsistent / Siloed - We have pockets of adoption by individuals or small teams, but no cohesive department-wide progress.",I am highly knowledgeable and use AI regularly.,Daily,"Saves time / reduces busywork - helps me complete routine tasks faster, Improves quality / polish - makes my drafts and deliverables stronger, Enablement / accessibility - helps me do things I couldn't do as easily before (or without specialized expertise)",None. I only use officially endorsed AI tools for work.,No,"Concerns about accuracy or reliability, I am afraid AI will replace me",3,Extremely Confident,Being encouraged to use different platforms when ChatGPT works just fine for everything I use AI for,Efficiency,Specialist,Medical Staff Communications
3/18/2026 11:54:15,Positive,"Experimentation – I’m actively trying out AI tools to improve efficiency, creativity, or decision-making.","Steady - We're making methodical, linear progress on specific projects.",I understand AI tools well and have experimented with them,Daily,"Saves time / reduces busywork - helps me complete routine tasks faster, Research and synthesis - helps me find, summarize, and connect information, Strategic thought partner - helps me think through strategy, pressure-test ideas, and refine recommendations","Gemini (Google), NotebookLM",Yes,Integration across the BHSF network ,5,Confident,None,Doing more with less,AVP,Marketing Operations
3/18/2026 12:41:43,Positive,"Transformation – I’m reimagining how I work, with AI as a core enabler, thought partner, and collaborator.",Accelerating - Adoption is speeding up; we're rapidly expanding to new use cases and workflows.,I am highly knowledgeable and use AI regularly.,Daily,"Saves time / reduces busywork - helps me complete routine tasks faster, Improves quality / polish - makes my drafts and deliverables stronger, Communication clarity - helps me turn messy thoughts into clear language and adapt tone for different audiences",None. I only use officially endorsed AI tools for work.,No,"None, I feel there are no barriers",5,Very Confident,Finding the time to learn and experiment more with it,The ability to become more efficient,Specialist,Marketing
3/18/2026 12:48:54,I have both positive and negative feelings about AI,"Experimentation – I’m actively trying out AI tools to improve efficiency, creativity, or decision-making.","Steady - We're making methodical, linear progress on specific projects.",I’m unfamiliar with AI and its applications in this space,Daily,"Improves quality / polish - makes my drafts and deliverables stronger, Learning / upskilling - helps me learn faster and build new skills, Enablement / accessibility - helps me do things I couldn't do as easily before (or without specialized expertise)",Gemini (Google),No,"Lack of understanding or training, Concerns about accuracy or reliability, Fear of making mistakes with AI",4,Somewhat confident,Proper education on how to use the platform for effective results.,Accuracy and time saving.,Specialist,Creative Services
3/18/2026 12:53:15,I have both positive and negative feelings about AI,Integration – I’m embedding AI into my workflows and processes to optimize tasks and projects.,Accelerating - Adoption is speeding up; we're rapidly expanding to new use cases and workflows.,I am highly knowledgeable and use AI regularly.,Daily,"Saves time / reduces busywork - helps me complete routine tasks faster, Idea generation / creative acceleration - helps me brainstorm and produce more options, Collaboration - helps me work better with colleagues (align faster, share drafts, co-create)",NotebookLM,No,"None, I feel there are no barriers",5,Extremely Confident,None,Using AI to respond to this question :),Manager,Internal Communications
3/18/2026 12:57:06,I have both positive and negative feelings about AI,Integration – I’m embedding AI into my workflows and processes to optimize tasks and projects.,"Steady - We're making methodical, linear progress on specific projects.",I understand AI tools well and have experimented with them,Daily,"Saves time / reduces busywork - helps me complete routine tasks faster, Improves quality / polish - makes my drafts and deliverables stronger, Idea generation / creative acceleration - helps me brainstorm and produce more options","Gemini (Google), NotebookLM",Yes,Lack of time / competing priorities,5,Very Confident,Not finding the time to create agents to streamline specific tasks,"Cutting time on tasks that allow for creative thinking; already in progress, but can be doing better",Manager,Strategic Communications
3/18/2026 13:23:51,Positive,Integration – I’m embedding AI into my workflows and processes to optimize tasks and projects.,"Inconsistent / Siloed - We have pockets of adoption by individuals or small teams, but no cohesive department-wide progress.",I understand AI tools well and have experimented with them,Daily,"Improves quality / polish - makes my drafts and deliverables stronger, Research and synthesis - helps me find, summarize, and connect information, Strategic thought partner - helps me think through strategy, pressure-test ideas, and refine recommendations","Gemini (Google), NotebookLM",Yes,"None, I feel there are no barriers",5,Very Confident,Finding additional time to deepen my knowledge of and optimization of current and new tools.,Most excited about the potential to reimagine how we work as a team and the quality of the work we deliver ... to achieve results for the department and for the organization. I've described it to others as THE most exciting time in our careers. Full stop.,VP,department leader 
3/18/2026 14:09:19,Positive,Integration – I’m embedding AI into my workflows and processes to optimize tasks and projects.,Accelerating - Adoption is speeding up; we're rapidly expanding to new use cases and workflows.,I understand AI tools well and have experimented with them,Daily,"Strategic thought partner - helps me think through strategy, pressure-test ideas, and refine recommendations, Learning / upskilling - helps me learn faster and build new skills, More meaningful work - offloads repetitive tasks so I can focus on higher-value work","Gemini (Google), Grok (xAI), NotebookLM, Gamma, Otter.ai",No,"None, I feel there are no barriers",5,Very Confident,I wouldn’t say I have a major struggle with AI right now. I’ve found it pretty intuitive to use and helpful across my workflows and processes.,"I’m most excited about how AI can enhance productivity, creativity, and learning. It makes it easier to automate repetitive tasks, streamline workflows, and save time, which allows me to focus more on higher-level thinking and meaningful work. It's also been great in providing instant access to explanations, feedback, and new ideas, making it easier to pick up new skills quickly.",Specialist,Account Services
3/18/2026 14:13:56,Positive,"Experimentation – I’m actively trying out AI tools to improve efficiency, creativity, or decision-making.","Steady - We're making methodical, linear progress on specific projects.",I understand AI tools well and have experimented with them,Daily,"Improves quality / polish - makes my drafts and deliverables stronger, Strategic thought partner - helps me think through strategy, pressure-test ideas, and refine recommendations, Communication clarity - helps me turn messy thoughts into clear language and adapt tone for different audiences","Perplexity AI, NotebookLM, Otter.ai, WISPR Flow",Yes,Lack of time / competing priorities,5,Very Confident,time! ,the change of pace and ability to do more with less ,Director,Account Services
3/18/2026 14:25:43,Positive,Integration – I’m embedding AI into my workflows and processes to optimize tasks and projects.,"Steady - We're making methodical, linear progress on specific projects.",I am highly knowledgeable and use AI regularly.,Daily,"Idea generation / creative acceleration - helps me brainstorm and produce more options, Strategic thought partner - helps me think through strategy, pressure-test ideas, and refine recommendations, Collaboration - helps me work better with colleagues (align faster, share drafts, co-create)","Gemini (Google), Claude (Anthropic), NotebookLM, Gamma, Otter.ai, WISPR Flow",Yes,Lack of time / competing priorities,5,Confident,Too many options- I want to play with them all!,How quickly its all evolving and the capabilities its gaining. ,Manager,Account Services
3/18/2026 15:28:49,I have both positive and negative feelings about AI,Integration – I’m embedding AI into my workflows and processes to optimize tasks and projects.,"Inconsistent / Siloed - We have pockets of adoption by individuals or small teams, but no cohesive department-wide progress.",I am highly knowledgeable and use AI regularly.,Daily,"Saves time / reduces busywork - helps me complete routine tasks faster, Strategic thought partner - helps me think through strategy, pressure-test ideas, and refine recommendations, Communication clarity - helps me turn messy thoughts into clear language and adapt tone for different audiences","NotebookLM, Otter.ai",Yes,"Lack of time / competing priorities, Limited access to AI tools, Unclear guidelines on what's allowed (policy/guardrails)",4,Extremely Confident,"Adoption remains a key challenge. While there is strong encouragement to use AI to transform workflows and create new solutions, actual usage across teams is still inconsistent. This limits the overall impact of the tools being developed.

There is also a disconnect between how AI is positioned and what is practically possible. On one hand, teams are encouraged to use AI to innovate and rethink processes. On the other, corporate guardrails and limitations on deployment make it difficult to fully implement or scale these solutions. As a result, efforts to build AI-driven tools can sometimes take significant time without delivering the expected efficiencies.

Additionally, developing GPTs and new workflows requires a meaningful time investment, which can be difficult to balance alongside existing responsibilities.

Moving forward, a key opportunity is to better align expectations with capabilities—either by enabling more flexibility within current guardrails or by clearly defining how teams can effectively use AI within them. This would help drive stronger adoption and ensure AI delivers on its intended value.","I see tremendous potential for AI to transform how we work—especially in building tools, improving efficiency, and rethinking existing workflows. It opens the door to more streamlined processes and new ways of solving problems. I’m excited about the direction we’re heading and the opportunities AI creates to drive meaningful change across our work.",Specialist,Web & Technology
3/18/2026 15:32:42,I have both positive and negative feelings about AI,"Experimentation – I’m actively trying out AI tools to improve efficiency, creativity, or decision-making.","Steady - We're making methodical, linear progress on specific projects.",I am highly knowledgeable and use AI regularly.,Daily,"Saves time / reduces busywork - helps me complete routine tasks faster, Improves quality / polish - makes my drafts and deliverables stronger, Communication clarity - helps me turn messy thoughts into clear language and adapt tone for different audiences",None. I only use officially endorsed AI tools for work.,No,"Lack of time / competing priorities, I am not ready to make that kind of change to my workflow",5,Very Confident,Environmental concerns & water usage,possibilities,Manager,Account Services
3/18/2026 15:50:02,Positive,Integration – I’m embedding AI into my workflows and processes to optimize tasks and projects.,"Inconsistent / Siloed - We have pockets of adoption by individuals or small teams, but no cohesive department-wide progress.",I am highly knowledgeable and use AI regularly.,Daily,"Improves quality / polish - makes my drafts and deliverables stronger, Idea generation / creative acceleration - helps me brainstorm and produce more options, Strategic thought partner - helps me think through strategy, pressure-test ideas, and refine recommendations","Perplexity AI, NotebookLM, Gamma, Otter.ai, WISPR Flow",Yes,Lack of time / competing priorities,5,Very Confident,"Creating Custom GPTs, and making time to create more and explore. Note, AI does not help me with client facing management responding to demands, attending meetings, etc; and project management, so the workload is still substantial. Rather, I have taken on new tasks since I can use AI to do them.",Custom GPTs ,Manager,Strategic Communications
3/18/2026 16:00:11,I have both positive and negative feelings about AI,"Experimentation – I’m actively trying out AI tools to improve efficiency, creativity, or decision-making.","Inconsistent / Siloed - We have pockets of adoption by individuals or small teams, but no cohesive department-wide progress.",I understand AI tools well and have experimented with them,Daily,"Strategic thought partner - helps me think through strategy, pressure-test ideas, and refine recommendations, Learning / upskilling - helps me learn faster and build new skills, Enablement / accessibility - helps me do things I couldn't do as easily before (or without specialized expertise)",Midjourney,No,"Lack of time / competing priorities, Challenges are at the departmental, not individual level",4,Confident,"While I feel like AI has been beneficial for me as an individual contributor, the biggest challenge is that AI has not consistently created efficiencies at a team or departmental level. In some cases, it introduces delays due to lack of alignment on tools and the need for additional validation. I have also found that AI-generated outputs can lack context or strategic alignment but are still being sent out, which requires extra time to review, correct, and communicate, offsetting any potential time savings. Finally, I have found that AI performs better with structured inputs, which would require our department rethink or rebuild existing workflows to use it more effectively.",The opportunities are endless! ,Manager,Paid Media & Precision Marketing
3/18/2026 17:10:10,Positive,Integration – I’m embedding AI into my workflows and processes to optimize tasks and projects.,"Steady - We're making methodical, linear progress on specific projects.",I understand AI tools well and have experimented with them,Daily,"Improves quality / polish - makes my drafts and deliverables stronger, Idea generation / creative acceleration - helps me brainstorm and produce more options, Communication clarity - helps me turn messy thoughts into clear language and adapt tone for different audiences","Gemini (Google), NotebookLM",No,"None, I feel there are no barriers",5,Extremely Confident,N/A,Efficiency,Specialist,Account Services
3/19/2026 9:27:21,I have both positive and negative feelings about AI,Integration – I’m embedding AI into my workflows and processes to optimize tasks and projects.,"Inconsistent / Siloed - We have pockets of adoption by individuals or small teams, but no cohesive department-wide progress.",I am highly knowledgeable and use AI regularly.,At least once per week,"Saves time / reduces busywork - helps me complete routine tasks faster, Strategic thought partner - helps me think through strategy, pressure-test ideas, and refine recommendations, Enablement / accessibility - helps me do things I couldn't do as easily before (or without specialized expertise)",Genny Lovo AI,No,"Too many tools/not sure which to use, Concerns about accuracy or reliability, AI tools grow too rapidly to stick with one or the other",4,Very Confident,Using AI for voiceovers and getting it to say things correctly,It helps me strategize ways to grow our podcast listenership,Videographer/editor/audio,Content Marketing
3/19/2026 9:36:57,Positive,Integration – I’m embedding AI into my workflows and processes to optimize tasks and projects.,"Steady - We're making methodical, linear progress on specific projects.",I understand AI tools well and have experimented with them,Daily,"Saves time / reduces busywork - helps me complete routine tasks faster, Improves quality / polish - makes my drafts and deliverables stronger, Strategic thought partner - helps me think through strategy, pressure-test ideas, and refine recommendations","Gemini (Google), Claude (Anthropic), Perplexity AI",No,Limited access to AI tools,5,Extremely Confident,Several great AI tools that we're recommended to experiment with are blocked by Baptist Health. ,The ability to elevate our work. ,Director,Account Services
3/19/2026 11:01:12,Positive,"Experimentation – I’m actively trying out AI tools to improve efficiency, creativity, or decision-making.",Accelerating - Adoption is speeding up; we're rapidly expanding to new use cases and workflows.,I understand AI tools well and have experimented with them,Daily,"Saves time / reduces busywork - helps me complete routine tasks faster, Strategic thought partner - helps me think through strategy, pressure-test ideas, and refine recommendations, Communication clarity - helps me turn messy thoughts into clear language and adapt tone for different audiences",NotebookLM,No,"None, I feel there are no barriers",4,Very Confident,So many amazing tools that I struggle learning all of them!,To innovate my role and streamline tasks.,Specialist,Account Services
3/19/2026 11:07:07,Positive,"Transformation – I’m reimagining how I work, with AI as a core enabler, thought partner, and collaborator.","Inconsistent / Siloed - We have pockets of adoption by individuals or small teams, but no cohesive department-wide progress.",I am highly knowledgeable and use AI regularly.,Daily,"Saves time / reduces busywork - helps me complete routine tasks faster, Improves quality / polish - makes my drafts and deliverables stronger, Strategic thought partner - helps me think through strategy, pressure-test ideas, and refine recommendations","Gemini (Google), NotebookLM, Otter.ai",No,"Limited access to AI tools, Too many tools/not sure which to use",5,Extremely Confident,"My biggest struggle is not having the AI tools we use be able to connect and integrate with our systems. I think that once they begin speaking to our BHSF systems, truly streamlining workflows will really begin to take off.","I'm most excited about the next update, and the one after that because with each update or new tool comes a new opportunity tio be better at your work!",Manager,Internal Communications
3/19/2026 11:22:42,Positive,"Experimentation – I’m actively trying out AI tools to improve efficiency, creativity, or decision-making.","Steady - We're making methodical, linear progress on specific projects.",I understand AI tools well and have experimented with them,At least once per month,"Saves time / reduces busywork - helps me complete routine tasks faster, Improves quality / polish - makes my drafts and deliverables stronger, Communication clarity - helps me turn messy thoughts into clear language and adapt tone for different audiences",None. I only use officially endorsed AI tools for work.,No,"None, I feel there are no barriers",3,Very Confident,No struggles,Saving time ,Specialist,Marketing Operations
3/19/2026 14:07:23,Positive,Integration – I’m embedding AI into my workflows and processes to optimize tasks and projects.,"Steady - We're making methodical, linear progress on specific projects.",I understand AI tools well and have experimented with them,Daily,"Saves time / reduces busywork - helps me complete routine tasks faster, Improves quality / polish - makes my drafts and deliverables stronger, Communication clarity - helps me turn messy thoughts into clear language and adapt tone for different audiences",None. I only use officially endorsed AI tools for work.,No,"Lack of time / competing priorities, Too many tools/not sure which to use, Concerns about accuracy or reliability",5,Very Confident,"Time, work volume is crazy",More efficiency,Director,Medical Staff Communications
3/20/2026 12:25:45,Positive,"Transformation – I’m reimagining how I work, with AI as a core enabler, thought partner, and collaborator.","Inconsistent / Siloed - We have pockets of adoption by individuals or small teams, but no cohesive department-wide progress.",I am highly knowledgeable and use AI regularly.,Daily,"Idea generation / creative acceleration - helps me brainstorm and produce more options, Strategic thought partner - helps me think through strategy, pressure-test ideas, and refine recommendations, More meaningful work - offloads repetitive tasks so I can focus on higher-value work","Gemini (Google), NotebookLM, WISPR Flow",No,"Concerns about privacy / PHI / compliance, Connectors/Agents",5,Extremely Confident,Having the time to truly focus on new initiatives while maintaining current initiatives,the next level,Manager,Content Marketing
3/20/2026 14:29:54,Positive,Integration – I’m embedding AI into my workflows and processes to optimize tasks and projects.,"Steady - We're making methodical, linear progress on specific projects.",I am highly knowledgeable and use AI regularly.,Daily,"Saves time / reduces busywork - helps me complete routine tasks faster, Strategic thought partner - helps me think through strategy, pressure-test ideas, and refine recommendations","Gemini (Google), Claude (Anthropic), Grok (xAI), Llama (Meta AI), NotebookLM, Gamma, OpusClip, WISPR Flow",Yes,"None, I feel there are no barriers, Lack of time / competing priorities",5,Very Confident,time,creating efficiency and as a partner,Director,Social Media & Reputation Management
3/20/2026 18:52:33,Positive,"Transformation – I’m reimagining how I work, with AI as a core enabler, thought partner, and collaborator.",Accelerating - Adoption is speeding up; we're rapidly expanding to new use cases and workflows.,I understand AI tools well and have experimented with them,Daily,"Research and synthesis - helps me find, summarize, and connect information, Strategic thought partner - helps me think through strategy, pressure-test ideas, and refine recommendations, Communication clarity - helps me turn messy thoughts into clear language and adapt tone for different audiences","Gemini (Google), Perplexity AI, NotebookLM",No,Lack of time / competing priorities,5,Confident,Need to carve out more time daily to learn even more.,I'm excited to see how AI will open more bandwidth for my team to support the additional Baptist Health growth projects that are simultaneously beginning and will be completed over the next three years. ,AVP,"Account Services, Strategic Communications, Academic Partnerships"
3/23/2026 9:17:59,Positive,Integration – I’m embedding AI into my workflows and processes to optimize tasks and projects.,"Inconsistent / Siloed - We have pockets of adoption by individuals or small teams, but no cohesive department-wide progress.",I understand AI tools well and have experimented with them,Daily,"Saves time / reduces busywork - helps me complete routine tasks faster, Research and synthesis - helps me find, summarize, and connect information, Communication clarity - helps me turn messy thoughts into clear language and adapt tone for different audiences",Gemini (Google),No,Too many tools/not sure which to use,4,Somewhat confident,Still learning,Quick fast answers for any questions.,Specialist,Creative Services
3/23/2026 9:33:06,Positive,"Transformation – I’m reimagining how I work, with AI as a core enabler, thought partner, and collaborator.",Accelerating - Adoption is speeding up; we're rapidly expanding to new use cases and workflows.,I am highly knowledgeable and use AI regularly.,Daily,"Improves quality / polish - makes my drafts and deliverables stronger, Idea generation / creative acceleration - helps me brainstorm and produce more options, Research and synthesis - helps me find, summarize, and connect information","Claude (Anthropic), NotebookLM, Otter.ai",No,T & D not allowing 3rd party integration of AI tools,5,Extremely Confident,i think getting consensus on the tools we will use as a team is important,"the continued improvement of the AI tools we are using; seeing the implementation by my team while at the same time realizing the need for human review to output a better, more relevant product",Director,Content Marketing
3/23/2026 11:19:23,I have both positive and negative feelings about AI,"Transformation – I’m reimagining how I work, with AI as a core enabler, thought partner, and collaborator.","Inconsistent / Siloed - We have pockets of adoption by individuals or small teams, but no cohesive department-wide progress.",I am highly knowledgeable and use AI regularly.,Daily,"Research and synthesis - helps me find, summarize, and connect information, Strategic thought partner - helps me think through strategy, pressure-test ideas, and refine recommendations, More meaningful work - offloads repetitive tasks so I can focus on higher-value work","Perplexity AI, NotebookLM, Gamma, Otter.ai",Yes,"Lack of time / competing priorities, Limited access to AI tools, enterprise tools and connectors with Microsoft Office and other workspaces",5,Very Confident,Having enough time to spend with AI ,Doing better work faster; transforming comms to drive our mission ,Director,we work across almost all of these areas! 
3/23/2026 11:58:16,Positive,Integration – I’m embedding AI into my workflows and processes to optimize tasks and projects.,"Steady - We're making methodical, linear progress on specific projects.",I understand AI tools well and have experimented with them,Daily,"Saves time / reduces busywork - helps me complete routine tasks faster, Communication clarity - helps me turn messy thoughts into clear language and adapt tone for different audiences, Enablement / accessibility - helps me do things I couldn't do as easily before (or without specialized expertise)",None. I only use officially endorsed AI tools for work.,No,"Lack of time / competing priorities, Hard to break old habits, Concerns about accuracy or reliability",5,Very Confident,Practicing and learning more.,The opportunity to do things I couldn't do before because I lacked the knowledge.,Specialist,Sports Partnerships
3/23/2026 15:39:35,Positive,"Transformation – I’m reimagining how I work, with AI as a core enabler, thought partner, and collaborator.","Inconsistent / Siloed - We have pockets of adoption by individuals or small teams, but no cohesive department-wide progress.",I am highly knowledgeable and use AI regularly.,Daily,"Saves time / reduces busywork - helps me complete routine tasks faster, Strategic thought partner - helps me think through strategy, pressure-test ideas, and refine recommendations, Enablement / accessibility - helps me do things I couldn't do as easily before (or without specialized expertise)","Gemini (Google), NotebookLM, Otter.ai",Yes,"constrained by T&D network controls that prohibit downloads, data uploads (flagged as PHI) and system integrations",4,Very Confident,network limitations, ,Manager,Web & Technology
3/24/2026 6:48:11,Positive,"Transformation – I’m reimagining how I work, with AI as a core enabler, thought partner, and collaborator.","Steady - We're making methodical, linear progress on specific projects.",I am highly knowledgeable and use AI regularly.,Daily,"Saves time / reduces busywork - helps me complete routine tasks faster, Strategic thought partner - helps me think through strategy, pressure-test ideas, and refine recommendations, Communication clarity - helps me turn messy thoughts into clear language and adapt tone for different audiences",None. I only use officially endorsed AI tools for work.,Yes,"Concerns about accuracy or reliability, Concerns about privacy / PHI / compliance",5,Extremely Confident,Developing custom own GPTs,What comes next,Director,Paid Media & Precision Marketing
3/24/2026 10:29:33,I have both positive and negative feelings about AI,Integration – I’m embedding AI into my workflows and processes to optimize tasks and projects.,"Inconsistent / Siloed - We have pockets of adoption by individuals or small teams, but no cohesive department-wide progress.",I know a bit about them but haven’t used them,At least once per month,"Saves time / reduces busywork - helps me complete routine tasks faster, Improves quality / polish - makes my drafts and deliverables stronger, Enablement / accessibility - helps me do things I couldn't do as easily before (or without specialized expertise)",Gemini (Google),No,"Concerns about accuracy or reliability, Concerns about privacy / PHI / compliance",5,Confident,Making sure that the output for my reports are accurate and reliable. I sometimes have to go back and forth with AI just to make sure that the output is correct and what I am looking for.,I'm excited about a smoother reporting workflow for me and my team. Also excited about enhancing our reports for our clients utilizing AI.,Manager,Social Media & Reputation Management
3/25/2026 10:53:23,Positive,"Transformation – I’m reimagining how I work, with AI as a core enabler, thought partner, and collaborator.",Accelerating - Adoption is speeding up; we're rapidly expanding to new use cases and workflows.,I am highly knowledgeable and use AI regularly.,Daily,"Research and synthesis - helps me find, summarize, and connect information, Learning / upskilling - helps me learn faster and build new skills, Enablement / accessibility - helps me do things I couldn't do as easily before (or without specialized expertise)",None. I only use officially endorsed AI tools for work.,No,"None, I feel there are no barriers",5,Extremely Confident,"My workload is not comprised of repetitive tasks or easily automated work and so although I use AI multiple times a day to support the work I do, it does not replace tasks, just helps make them more efficient by not needing to go to multiple places. I also struggle with the output for strategic thinking - I don't always agree with its recommendations and so I use it as a starting place, but I find that my own experience, thoughts, and ideas can be superior to AI. ","The ability to supplement non-technical expertise - reports, tools, work that I don't have the technical expertise to execute, I can use AI to supplement my knowledge and ""teach"" me how to do higher level technical tasks that I can't actually do on my own. ",Director,Paid Media & Precision Marketing
3/25/2026 12:27:19,Positive,Integration – I’m embedding AI into my workflows and processes to optimize tasks and projects.,"Steady - We're making methodical, linear progress on specific projects.",I understand AI tools well and have experimented with them,Daily,"Saves time / reduces busywork - helps me complete routine tasks faster, Improves quality / polish - makes my drafts and deliverables stronger, Confidence / reduced anxiety - helps me get unstuck and feel more confident about what I'm producing","Eleven Labs, NotebookLM",No,Fear of making mistakes with AI,5,Very Confident,I would say my biggest stuggle is having a well informed custom GPT ,AI is always changing and upgrading so I am excited for all the updates to come,Specialist,Account Services
3/25/2026 13:14:47,Positive,"Experimentation – I’m actively trying out AI tools to improve efficiency, creativity, or decision-making.","Inconsistent / Siloed - We have pockets of adoption by individuals or small teams, but no cohesive department-wide progress.",I understand AI tools well and have experimented with them,Daily,"Improves quality / polish - makes my drafts and deliverables stronger, Strategic thought partner - helps me think through strategy, pressure-test ideas, and refine recommendations, Communication clarity - helps me turn messy thoughts into clear language and adapt tone for different audiences","Gemini (Google), Claude (Anthropic), NotebookLM",Yes,"Lack of time / competing priorities, Concerns about accuracy or reliability",3,Confident,Finding time to focus on AI.,Helping me find more time.,Manager,Marketing Operations
3/30/2026 8:05:25,Positive,"Transformation – I’m reimagining how I work, with AI as a core enabler, thought partner, and collaborator.",Accelerating - Adoption is speeding up; we're rapidly expanding to new use cases and workflows.,I am highly knowledgeable and use AI regularly.,Daily,"Strategic thought partner - helps me think through strategy, pressure-test ideas, and refine recommendations, Enablement / accessibility - helps me do things I couldn't do as easily before (or without specialized expertise), More meaningful work - offloads repetitive tasks so I can focus on higher-value work","Gemini (Google), NotebookLM, WISPR Flow",Yes,"None, I feel there are no barriers",5,Extremely Confident,Other software not yet connected on single platform ,Making work more enjoyable and more meaningful ,Director,Strategy & Research
3/30/2026 9:20:23,Positive,"Experimentation – I’m actively trying out AI tools to improve efficiency, creativity, or decision-making.","Steady - We're making methodical, linear progress on specific projects.",I understand AI tools well and have experimented with them,At least once per week,"Idea generation / creative acceleration - helps me brainstorm and produce more options, Research and synthesis - helps me find, summarize, and connect information, Learning / upskilling - helps me learn faster and build new skills",None. I only use officially endorsed AI tools for work.,No,"Too many tools/not sure which to use, Unclear guidelines on what's allowed (policy/guardrails)",4,Confident,Dedicating time to train it for my repetitive tasks ,Building efficiency with it and becoming proficient enough to teach others ,Specialist,Paid Media & Precision Marketing
3/30/2026 9:27:45,I have both positive and negative feelings about AI,Integration – I’m embedding AI into my workflows and processes to optimize tasks and projects.,"Steady - We're making methodical, linear progress on specific projects.",I understand AI tools well and have experimented with them,Daily,"Saves time / reduces busywork - helps me complete routine tasks faster, Idea generation / creative acceleration - helps me brainstorm and produce more options, Strategic thought partner - helps me think through strategy, pressure-test ideas, and refine recommendations","Gemini (Google), Gamma, OpusClip, Otter.ai, Answer The Public",Yes,"Concerns about accuracy or reliability, AI is meant to help (and it does), not be the end-all be-all savior. Also, some use without exercising human judgment",3,Very Confident,social media reporting. ,love it as a strategic thought partner and making workload more efficient,Manager,Social Media & Reputation Management
3/30/2026 9:29:23,Positive,"Transformation – I’m reimagining how I work, with AI as a core enabler, thought partner, and collaborator.","Steady - We're making methodical, linear progress on specific projects.",I am highly knowledgeable and use AI regularly.,Daily,"Research and synthesis - helps me find, summarize, and connect information, Strategic thought partner - helps me think through strategy, pressure-test ideas, and refine recommendations, More meaningful work - offloads repetitive tasks so I can focus on higher-value work",Gemini (Google),No,Hard to break old habits,4,Extremely Confident,Slightly concerned about being too reliant on AI,I'm excited about the positive impact,Specialist,Social Media & Reputation Management
3/30/2026 9:31:07,Positive,"Experimentation – I’m actively trying out AI tools to improve efficiency, creativity, or decision-making.","Steady - We're making methodical, linear progress on specific projects.",I understand AI tools well and have experimented with them,Daily,"Saves time / reduces busywork - helps me complete routine tasks faster, Improves quality / polish - makes my drafts and deliverables stronger, Speed to decision - helps me move faster from questions to decisions","Claude (Anthropic), Perplexity AI",No,Limited access to AI tools,4,Confident,Not enough hours in a day to explore,Speed nd streamlining work,Marketing,Content Marketing
3/30/2026 9:55:23,I have both positive and negative feelings about AI,Integration – I’m embedding AI into my workflows and processes to optimize tasks and projects.,"Inconsistent / Siloed - We have pockets of adoption by individuals or small teams, but no cohesive department-wide progress.",I understand AI tools well and have experimented with them,Daily,"Improves quality / polish - makes my drafts and deliverables stronger, Strategic thought partner - helps me think through strategy, pressure-test ideas, and refine recommendations, Collaboration - helps me work better with colleagues (align faster, share drafts, co-create)",Claude (Anthropic),No,"None, I feel there are no barriers",3,Very Confident,Finding the dedicated time to explore all the tools with the amount of daily responsibilities. ,Increased efficiencies on all teams,AVP,Account Services
3/30/2026 10:03:12,Positive,Integration – I’m embedding AI into my workflows and processes to optimize tasks and projects.,"Steady - We're making methodical, linear progress on specific projects.",I understand AI tools well and have experimented with them,Daily,"Saves time / reduces busywork - helps me complete routine tasks faster, Improves quality / polish - makes my drafts and deliverables stronger, Communication clarity - helps me turn messy thoughts into clear language and adapt tone for different audiences",Gemini (Google),No,"None, I feel there are no barriers",5,Confident,"At the moment, for my function, I'm not having issues.  I use ChatGPT daily for any emails, writing on behalf of VP when needed to prompt it to assist me creating sports team spreadsheets, prompting it to assist in selecting menus based on who's attending (c-suite, CEOs, etc)","It helps create content in a minute and it's good to review to makes sure there are no errors, And then you move on to the next task. You can prompt it anything and it gives you an answer. ",EA,Marketing Operations
3/30/2026 10:20:51,I have both positive and negative feelings about AI,"Experimentation – I’m actively trying out AI tools to improve efficiency, creativity, or decision-making.",Accelerating - Adoption is speeding up; we're rapidly expanding to new use cases and workflows.,I understand AI tools well and have experimented with them,Daily,"Saves time / reduces busywork - helps me complete routine tasks faster, Improves quality / polish - makes my drafts and deliverables stronger, Idea generation / creative acceleration - helps me brainstorm and produce more options","Claude (Anthropic), NotebookLM",No,Lack of time / competing priorities,4,Confident,"We have many use cases, but it takes time to do the front-end work to set things up to work for us.",Streamlining repetitive tasks,Manager,Internal Communications
3/30/2026 10:27:46,Positive,"Transformation – I’m reimagining how I work, with AI as a core enabler, thought partner, and collaborator.","Steady - We're making methodical, linear progress on specific projects.",I understand AI tools well and have experimented with them,Daily,"Strategic thought partner - helps me think through strategy, pressure-test ideas, and refine recommendations, Enablement / accessibility - helps me do things I couldn't do as easily before (or without specialized expertise), More meaningful work - offloads repetitive tasks so I can focus on higher-value work","Gemini (Google), Otter.ai",No,"None, I feel there are no barriers, Lack of time / competing priorities",5,Extremely Confident,N/A,Unlocking our own abilities internally vs. relying on vendors ,Director,Web & Technology